frame,vehicle_id,car_bbox,license_plate_bbox,license_plate_bbox_score,license_number,license_number_score
0,5.0,[2195.68017578125 1157.049072265625 2786.025390625 1736.632080078125],[2407.138427734375 1551.491455078125 2576.461181640625 1638.703857421875],0.6013631224632263,NW51TSU,0.12525604664247045
0,3.0,[752.2139282226562 1369.3121337890625 1429.306396484375 1984.0484619140625],[974.8357543945312 1753.404052734375 1199.599609375 1851.19189453125],0.5669246912002563,NA13NPU,0.3214016674072927
1,5.0,[2201.0522531957017 1167.378114167877 2783.49726740887 1739.9154479618642],[2411.260986328125 1549.034912109375 2584.846435546875 1642.219482421875],0.5876836180686951,NO51VSU,0.02445560949698949
1,3.0,[750.736092831009 1374.2024826604525 1425.7282793961954 1991.558241579834],[975.324462890625 1765.396484375 1203.47021484375 1862.962158203125],0.5357752442359924,NA13MPU,0.1381812651452696
2,3.0,[750.6696647775875 1379.5527292339982 1431.8735342253367 2000.561350195124],[963.9210205078125 1782.314697265625 1187.0606689453125 1872.455078125],0.4821714758872986,NA13MPU,0.18009558936581171
2,5.0,[2197.5956080192273 1172.2419676493057 2786.303361202794 1750.1345112531806],[2410.0546875 1563.0362548828125 2585.463134765625 1653.6053466796875],0.4437576234340668,NU51VSU,0.3968526148452795
3,3.0,[743.038943285762 1386.4423922189605 1430.0114177269588 2011.7429621991075],[956.32080078125 1785.892578125 1184.32958984375 1879.593994140625],0.4998028576374054,MA13NRU,0.18350056815932692
4,5.0,[2190.989074824276 1176.1741435974318 2790.6105641809727 1763.822777396193],[2416.611083984375 1575.34326171875 2587.66162109375 1654.04638671875],0.5713347792625427,HL51NSU,0.16902150822250986
8,3.0,[719.3434226166662 1413.5827618627313 1421.78700532471 2058.188661565121],[954.4998779296875 1824.6705322265625 1172.0086669921875 1918.4849853515625],0.5394647121429443,NA13NRU,0.4293345425072572
9,5.0,[2196.4456570149114 1192.9139902283725 2827.622873228952 1794.7374068763008],[2420.9755859375 1596.5341796875 2593.8125 1690.5185546875],0.6364396214485168,ML51VSU,0.4761423953991894
9,3.0,[710.6084033511713 1419.0849306754092 1416.7057272974478 2066.5472346182187],[935.3765258789062 1832.4049072265625 1177.88623046875 1928.1416015625],0.5784579515457153,NA13NRU,0.4208678477122102
10,3.0,[701.918470098055 1423.5520766710279 1410.7907266352508 2073.1104806272315],[923.5907592773438 1831.78857421875 1181.869873046875 1942.951171875],0.5649680495262146,NA13NRU,0.2854002770421503
11,3.0,[698.1074628325432 1430.8680992072173 1408.5370668813157 2082.0219321198665],[917.34228515625 1840.0242919921875 1168.3883056640625 1944.0260009765625],0.5050681233406067,NA13NRU,0.37117896129136035
12,3.0,[693.6689241951312 1439.9992818535818 1407.01692403691 2092.1356700461974],[925.7425537109375 1853.29833984375 1158.468505859375 1958.682861328125],0.4612722098827362,MA13NRU,0.6201196314999662
13,3.0,[691.5624838761241 1442.53601026168 1406.701057571262 2097.017503951105],[925.9464111328125 1860.3262939453125 1170.8045654296875 1966.883056640625],0.5571581125259399,MA13NRU,0.29594525556594947
14,3.0,[688.0376741965533 1449.7046218526807 1402.959120092134 2104.7440924403095],[915.1724853515625 1876.07568359375 1120.2506103515625 1964.9140625],0.4496583342552185,IN41JRI,0.20842338357079665
16,3.0,[679.5990935785284 1463.5063555869274 1400.735118452079 2117.7011294074746],[924.328857421875 1882.8936767578125 1153.1334228515625 1989.9202880859375],0.6093674898147583,NA13NRU,0.3316843677902819
17,5.0,[2201.059450676556 1231.67908472655 2821.9318480463676 1843.7583553151105],[2430.722900390625 1641.2406005859375 2614.875 1736.0731201171875],0.6575100421905518,HD51VSU,0.29887610052339275
18,3.0,[671.2371834034832 1482.4174729682861 1393.9472802624643 2136.676695302477],[903.7427978515625 1901.384765625 1157.5262451171875 2006.748046875],0.5728077292442322,NA13NRU,0.6375034809057147
19,3.0,[669.5854616942796 1491.020673961007 1394.0744648598784 2143.5324162249844],[917.968505859375 1911.15673828125 1148.37255859375 2009.7374267578125],0.6390042901039124,NA13NRU,0.28619656156210305
22,3.0,[656.0885047847123 1510.2363960893338 1385.6247862298803 2155.125449741047],[872.032470703125 1923.384521484375 1137.369384765625 2037.88916015625],0.6461215019226074,NA13NRU,0.33008762169065914
23,3.0,[652.4759896412202 1515.6714998385648 1383.4698782165242 2156.1545409340797],[910.2145385742188 1941.6591796875 1144.8203125 2045.091064453125],0.6566094756126404,NA13MRU,0.6666397738046727
24,5.0,[2208.2420529689944 1266.476720483322 2855.2894313383113 1894.003139782777],[2440.07373046875 1697.4246826171875 2622.91796875 1785.2025146484375],0.6740802526473999,NT51VSU,0.14071657592193268
24,3.0,[649.9763974206716 1520.5254459065063 1381.8506798311637 2156.1910361798687],[871.8385620117188 1951.1964111328125 1131.603515625 2066.6826171875],0.629777729511261,NA13NRU,0.5146506867178345
25,5.0,[2208.017932305317 1266.872748453748 2858.549049762364 1898.7630021052819],[2440.6376953125 1698.0546875 2624.806640625 1788.914306640625],0.6886107325553894,MT51VSU,0.3088533335574692
25,3.0,[648.2379177516509 1525.916726057063 1380.4295700678622 2156.2752782700086],[863.300537109375 1962.0970458984375 1134.5994873046875 2074.216796875],0.6193854212760925,NA13MRU,0.4135519540873597
26,3.0,[645.1773302460144 1533.2349952205423 1380.2502974974263 2157.46558872852],[885.893310546875 1976.162109375 1132.250732421875 2081.061767578125],0.6076206564903259,NA13NRU,0.4011095503290853
27,3.0,[643.0805596004795 1540.4679454200482 1381.0042247124672 2157.0264797572404],[855.1962890625 1977.865966796875 1129.2432861328125 2092.04345703125],0.6642908453941345,NA13NRU,0.14971499994459164
28,3.0,[639.9584596914009 1546.5656162000619 1378.9821164229134 2156.8731518256523],[873.2217407226562 1982.525390625 1116.490234375 2092.09423828125],0.6683344841003418,NA13MRU,0.46014978047004035
28,5.0,[2206.4107824921925 1268.2343495028383 2860.9200430819988 1917.2113290593668],[2448.481201171875 1726.820556640625 2626.799560546875 1804.223388671875],0.6439896821975708,CQ35ISV,0.04201146232910983
30,3.0,[634.7070580178713 1562.781052515573 1372.5361180852228 2158.3868137679347],[885.7263793945312 2018.2880859375 1093.0565185546875 2117.21630859375],0.6685219407081604,NA13NRU,0.24957888085121616
31,3.0,[636.0599513300369 1568.447969802577 1372.539096257146 2157.4048901914566],[873.2385864257812 2022.1483154296875 1119.32470703125 2125.7470703125],0.6970618367195129,NA13NRU,0.12495204428054527
31,5.0,[2209.5156933580515 1289.948587260646 2866.18620232025 1947.2084248829697],[2445.10546875 1741.832763671875 2633.77001953125 1832.10888671875],0.6631712913513184,CZ51VSU,0.11613275690118484
33,3.0,[622.1021375382493 1584.9490493730243 1364.8301203615615 2156.1614875722353],[851.9326171875 2040.1622314453125 1122.056396484375 2151.59228515625],0.649632453918457,NA13NRU,0.3098166726969074
34,3.0,[612.7730123484298 1590.2027490544326 1361.5782688886327 2155.2426223563552],[861.25048828125 2047.534423828125 1123.2147216796875 2159.07861328125],0.6386064291000366,NA13NPU,0.23301962867007237
35,3.0,[604.5084303765582 1600.1793367552903 1357.9274678442393 2156.8982626037123],[856.0748291015625 2065.39208984375 1110.78076171875 2160.0],0.6332532167434692,MA13MRU,0.4240922827911154
43,6.0,[1133.7612252708989 1143.9755197471104 1714.4845893820873 1600.1567099449394],[1354.1923828125 1420.5322265625 1513.2813720703125 1506.33349609375],0.25558555126190186,GX15OGJ,0.1932476237060791
44,5.0,[2222.064213839906 1372.266822202896 2902.6155390993245 2052.826796134745],[2472.37890625 1836.033203125 2665.0087890625 1930.838134765625],0.6747444868087769,NV51VSU,0.1519452571972624
47,5.0,[2226.2095529960557 1384.1633035511359 2919.061286234159 2073.7569907304546],[2477.615234375 1861.7120361328125 2674.66455078125 1950.8133544921875],0.6651968955993652,CT51VSV,0.03310903850997655
49,5.0,[2225.5266799906167 1397.1171982962833 2926.001456895784 2088.9059352870427],[2478.65576171875 1876.3524169921875 2673.87744140625 1965.5372314453125],0.6968815922737122,IW51YSU,0.012656103978365627
50,5.0,[2230.015570997599 1400.7583253996809 2934.6862707667524 2096.326005379576],[2485.389892578125 1889.4407958984375 2677.994140625 1978.6556396484375],0.6927856802940369,IO51TSV,0.031119245393869795
53,6.0,[1106.367848452583 1182.072558898357 1707.1823599306772 1663.228733566222],[1323.42626953125 1476.739013671875 1489.650146484375 1556.4140625],0.2819207012653351,GX15CGJ,0.13540668649407234
54,6.0,[1103.516302649429 1184.6818609878694 1705.5741539901367 1668.0947025803296],[1305.873046875 1475.8157958984375 1492.515869140625 1566.1578369140625],0.31069356203079224,GR15OGJ,0.12034453270676072
55,5.0,[2236.7505054588064 1437.8566372774474 2951.2691941010326 2135.787017408289],[2490.76416015625 1924.786376953125 2691.08447265625 2013.0380859375],0.6813572645187378,CI51WSU,0.020919877362758896
55,6.0,[1100.2101712340987 1186.8038779329763 1704.9649160248464 1672.1159324672767],[1312.5869140625 1480.450927734375 1492.192138671875 1563.3314208984375],0.30909255146980286,GI15OGJ,0.11365505967157137
58,6.0,[1091.4208111236912 1199.0924111720465 1707.950637033704 1684.7630797653956],[1318.2481689453125 1498.404052734375 1485.2608642578125 1570.48974609375],0.29097771644592285,GX15OGJ,0.14071877789038598
59,5.0,[2241.6113125175825 1458.0154387279545 2957.1739641186987 2149.4493615015267],[2497.28955078125 1959.7628173828125 2710.31005859375 2050.332275390625],0.7074974775314331,MT51VSU,0.09652829088617276
59,6.0,[1088.3692815276263 1204.4820791559316 1709.3918546047344 1690.833154431352],[1297.361328125 1498.6197509765625 1469.089111328125 1579.45458984375],0.41706374287605286,GX15OGJ,0.1750882425819235
62,6.0,[1074.6945178134595 1218.1931783402133 1696.7079317188789 1706.904389846536],[1303.7098388671875 1511.173828125 1479.432861328125 1598.18701171875],0.3218283951282501,GX15OGJ,0.46296025532859747
63,6.0,[1076.8362674239306 1225.3704100246819 1695.1715683562488 1712.458228112307],[1302.322021484375 1518.406494140625 1475.33837890625 1601.370849609375],0.33048394322395325,GX15OGJ,0.17777553296597934
69,6.0,[1069.1677152044665 1250.8611077895632 1695.056733166611 1744.334783750048],[1280.980224609375 1546.699951171875 1460.7117919921875 1634.0126953125],0.42843419313430786,GX15OGJ,0.4666281761470436
70,6.0,[1064.8522119320855 1256.5887037341722 1691.412736098112 1752.0009481244538],[1275.7158203125 1553.423583984375 1472.513427734375 1644.27392578125],0.3148469626903534,GX15OGJ,0.47706050666801353
71,6.0,[1059.6346402192953 1260.2037097750274 1690.4899836912837 1757.1862662155288],[1279.7994384765625 1551.3204345703125 1462.4580078125 1644.5050048828125],0.2618679106235504,GX15OGJ,0.3455939009697162
72,6.0,[1053.9170726173788 1263.3546493126976 1686.8848949712346 1762.6432928201023],[1281.5164794921875 1575.9605712890625 1469.3782958984375 1656.4566650390625],0.4199499189853668,GX15OGJ,0.4416076514575195
73,6.0,[1050.4662911454147 1266.5525060725138 1683.7916035173475 1767.214078953253],[1282.3009033203125 1573.891845703125 1465.5877685546875 1657.3048095703125],0.48815375566482544,GX15OCJ,0.27423675164461603
74,6.0,[1050.1287463743324 1272.8503560373802 1682.6127580225607 1774.1793370694527],[1274.2587890625 1586.02587890625 1476.802734375 1667.548828125],0.45035985112190247,GX15OGJ,0.39975919225648177
75,6.0,[1049.2421869953498 1277.4355832461667 1682.2541435188748 1779.523585620557],[1273.185546875 1594.10498046875 1448.7454833984375 1669.473876953125],0.5087226033210754,GY15OGJ,0.22099564925014592
76,6.0,[1046.2797664099276 1279.0589597357302 1685.6386695354904 1782.667631188251],[1260.32763671875 1595.6986083984375 1446.4697265625 1680.760986328125],0.5334708094596863,GX15OGJ,0.4003760349817618
77,6.0,[1043.326044570122 1282.246194138276 1687.0488345331985 1789.9151425971752],[1270.855224609375 1593.8323974609375 1455.77783203125 1683.1864013671875],0.5961368083953857,GX15OGJ,0.23384035728835292
79,6.0,[1035.5630218842894 1291.4253232091721 1684.9344105694781 1804.5625947368146],[1262.4012451171875 1607.1983642578125 1458.802734375 1695.5401611328125],0.521077573299408,GX15OGJ,0.4344072714244312
81,6.0,[1023.3394099960403 1304.3181093113435 1681.4489528966085 1819.5343366565266],[1242.923583984375 1625.422607421875 1447.9412841796875 1713.6953125],0.44022083282470703,GX15OGJ,0.2747391809450139
82,6.0,[1017.2266289098166 1308.0690512051356 1678.7973741562341 1825.256103829041],[1248.8782958984375 1633.046142578125 1443.1917724609375 1717.5859375],0.5122241377830505,GX15OGJ,0.4653906626237369
83,6.0,[1014.2729711516648 1315.1635647979895 1681.55829162581 1836.0328724692552],[1234.6396484375 1637.2159423828125 1431.118408203125 1718.6663818359375],0.4807848036289215,GX15OCJ,0.3447424015054932
86,6.0,[1002.1268834851637 1330.346738423865 1683.1763796859243 1857.780056645647],[1236.6982421875 1651.671142578125 1438.150146484375 1744.28515625],0.4883367717266083,GX15OGJ,0.35597251014064124
87,6.0,[997.2188056554379 1333.763728465716 1683.459791325869 1864.776577487689],[1244.54296875 1669.5419921875 1435.1414794921875 1753.154541015625],0.5215163826942444,GX15OGJ,0.27133630196854425
88,6.0,[995.4759202868258 1335.055601724814 1684.147153991295 1869.9611263485608],[1245.9283447265625 1672.8526611328125 1438.31884765625 1756.2293701171875],0.558677613735199,GX15OGJ,0.22997974068470442
89,6.0,[994.1481412292255 1339.8232970676113 1685.08842917436 1874.61355295771],[1237.0535888671875 1681.8453369140625 1433.716552734375 1765.9361572265625],0.5787193179130554,GX15OGJ,0.2424694849296139
90,6.0,[994.4153821229902 1348.5561224771434 1686.6832467761951 1885.6024439308324],[1229.110107421875 1685.361083984375 1427.8165283203125 1772.966552734375],0.568668007850647,GX15OGJ,0.2641783730232797
91,6.0,[993.0580415756112 1353.5354721657652 1686.3436315313938 1893.136598092978],[1231.16357421875 1692.324462890625 1435.7939453125 1782.9276123046875],0.594386875629425,GX15OGJ,0.46000786121794934
93,6.0,[979.0731926803242 1366.1686973351693 1685.3071237864697 1907.3952062016556],[1227.2774658203125 1701.41259765625 1435.8681640625 1794.305908203125],0.5092757940292358,GX15OGJ,0.23619625985465212
94,6.0,[976.5981815364803 1367.5754593484212 1686.8701133381082 1910.3288141339162],[1226.1119384765625 1710.5419921875 1412.11279296875 1793.1064453125],0.42115190625190735,GX15OGJ,0.40883129741465163
95,6.0,[971.5249197125174 1371.8434091523986 1684.335939843147 1919.018221747811],[1223.6357421875 1716.84326171875 1426.35498046875 1802.43212890625],0.582216203212738,GX15OGJ,0.3722430651716305
96,6.0,[969.2307322187122 1379.2354818117906 1683.2806532229893 1929.0708977716909],[1217.3697509765625 1728.62841796875 1433.41943359375 1813.4520263671875],0.5468123555183411,GX15OGJ,0.4476199458175716
97,6.0,[964.6503046548112 1383.169417219835 1681.8382010779153 1936.3738958381446],[1214.822998046875 1732.3773193359375 1426.682861328125 1813.5355224609375],0.5870851874351501,GX15OGJ,0.6071070169733315
98,6.0,[961.8554042020887 1391.3427069841396 1681.1485085681798 1946.3739202326105],[1220.8060302734375 1741.981689453125 1421.327392578125 1827.442138671875],0.638999879360199,GX15OCJ,0.5074530581582406
100,6.0,[955.2608658990496 1406.4126630996077 1676.8353866751502 1964.2110650578168],[1198.587158203125 1746.281982421875 1422.23583984375 1836.5302734375],0.5682815313339233,GX15OCJ,0.4008998480455873
101,6.0,[951.3851335539298 1411.6506270609907 1676.885152909755 1972.5207119635716],[1199.7001953125 1765.9222412109375 1414.2203369140625 1848.3643798828125],0.5543524026870728,GY15QCJ,0.3365626739588834
102,6.0,[946.8543464903034 1418.136040236544 1675.0002387723791 1980.513297153047],[1209.3094482421875 1773.0977783203125 1410.6690673828125 1856.2056884765625],0.5975241661071777,GY15OCJ,0.3829764801784906
104,1.0,[2054.025287864256 1107.487603964771 2558.5402443076646 1550.0300664427318],[2224.28173828125 1371.1563720703125 2428.88525390625 1464.13623046875],0.4153579771518707,AP05JEQ,0.3107562868870998
106,6.0,[944.7374968512909 1442.6666414259162 1672.9291976134118 2010.0377874471615],[1180.6922607421875 1792.424560546875 1385.7886962890625 1885.26708984375],0.5754556655883789,GX15OGJ,0.33530851419689733
107,6.0,[939.5171206129799 1450.5823980737475 1670.7036376466053 2019.5557183241615],[1193.693359375 1808.0621337890625 1390.488525390625 1894.5450439453125],0.5621408224105835,GX15OGJ,0.5869106681423126
108,6.0,[935.0362128462757 1459.3442049231323 1668.5123260036476 2031.298120145758],[1192.327392578125 1817.843505859375 1395.184814453125 1903.711181640625],0.5834105610847473,GX15OGJ,0.33630768112556875
110,6.0,[927.6148769670765 1469.4653191458206 1664.047015851321 2047.7661368446452],[1181.051513671875 1831.5238037109375 1385.91357421875 1925.4085693359375],0.6219127774238586,GY15OGJ,0.33490933306781806
110,1.0,[2055.0570580730932 1126.7038345116748 2564.1442968541455 1573.1332590178922],[2225.05517578125 1400.100341796875 2424.599853515625 1486.224365234375],0.4535568356513977,AP05JEO,0.09716604175361218
111,6.0,[925.98993396534 1477.4405338570089 1661.7874192113775 2057.251345917158],[1181.3240966796875 1839.2581787109375 1380.9498291015625 1931.2928466796875],0.6106208562850952,GY15OGJ,0.33499505382112466
112,6.0,[924.5870978710811 1483.0916393275727 1662.137811244443 2064.0572641082426],[1164.18017578125 1840.3641357421875 1385.2529296875 1935.447509765625],0.5715153217315674,GX15OGJ,0.44653985367797755
113,6.0,[919.8487754869311 1491.0334146407781 1658.6896531566722 2075.347341765884],[1168.127197265625 1861.578369140625 1384.998046875 1944.3533935546875],0.47543880343437195,GX15OCJ,0.7689731441504214
114,6.0,[911.2618322829395 1498.288206825388 1657.4469320624794 2087.141396624874],[1161.2750244140625 1866.4010009765625 1381.657470703125 1962.3035888671875],0.6095502376556396,GX15OGJ,0.5125608524135091
115,6.0,[905.7170984029668 1503.8950129444402 1656.6598266031829 2095.1627457928007],[1160.0126953125 1871.0892333984375 1383.16259765625 1963.3238525390625],0.57408207654953,GX15OCJ,0.4269064529629813
115,1.0,[2053.897510310148 1140.234413283281 2577.376071353074 1591.5143067444606],[2223.23583984375 1426.18310546875 2428.201171875 1512.7041015625],0.3855915367603302,AF05JEO,0.2843890612076198
116,6.0,[900.1914755559669 1510.1641846673283 1654.248993127624 2101.5614773330344],[1155.6258544921875 1882.97314453125 1381.6820068359375 1974.2783203125],0.625102698802948,GX15OGJ,0.3454233580823525
116,1.0,[2054.989376938649 1142.1210072679676 2580.685214734375 1595.9685565793436],[2224.955322265625 1425.0340576171875 2433.660888671875 1511.080078125],0.43895265460014343,AF05JEO,0.22406808786328233
117,6.0,[896.6283284959968 1517.9121132553573 1652.241053827694 2109.0132550050625],[1147.5897216796875 1888.5208740234375 1381.9742431640625 1984.7772216796875],0.5725323557853699,GY15OGJ,0.22282749734916635
118,8.0,[1146.2702844465605 1074.5325047934737 1620.6136988705578 1488.5423620158278],[1300.201416015625 1306.19580078125 1459.951416015625 1387.908935546875],0.2953857183456421,KH05ZTK,0.22258486912137868
119,6.0,[892.0041648549575 1529.034214885473 1652.2634873976356 2116.757605465261],[1151.651123046875 1909.2528076171875 1368.4842529296875 1999.2564697265625],0.6070482134819031,GX15OGJ,0.27113008175037223
120,6.0,[883.1740666643987 1536.190427019199 1649.8299396581715 2123.615586145162],[1146.3009033203125 1914.317138671875 1373.9697265625 2010.7353515625],0.6341433525085449,GY15OGJ,0.12113006993925807
120,1.0,[2052.66623014566 1161.0216309354337 2586.899124500359 1620.1632334130186],[2234.768310546875 1441.1099853515625 2435.729248046875 1535.88427734375],0.41095826029777527,AF05JEO,0.28788847043047655
121,6.0,[876.7922943130852 1542.70358479084 1648.4438106567472 2130.756327074473],[1143.736328125 1920.30517578125 1376.884765625 2014.434326171875],0.6111721396446228,GY15OCJ,0.46965826912768815
121,1.0,[2051.027340588348 1162.9230103687735 2587.868853182358 1625.2963010817086],[2219.5244140625 1444.1788330078125 2435.157470703125 1534.49560546875],0.3581973910331726,AF05JEO,0.3163856588062196
122,6.0,[872.7545116246242 1551.2471907188224 1647.4643255558185 2140.363476460848],[1139.357421875 1932.1124267578125 1363.520263671875 2021.3514404296875],0.590452253818512,GY15OCJ,0.5128770040184305
122,1.0,[2051.0156020013146 1166.5921656422374 2590.0345612119254 1631.2107391690865],[2216.29150390625 1448.726806640625 2431.115234375 1536.440185546875],0.4422770142555237,AP05JEQ,0.28529441984703413
123,6.0,[868.0026518472625 1558.485131880565 1646.1886200314905 2147.242966240584],[1126.1781005859375 1939.98828125 1332.188720703125 2027.418701171875],0.48774129152297974,GX15OGJ,0.09878185712622368
123,1.0,[2046.062680947547 1172.189441502441 2589.3761573867414 1637.2239786674002],[2236.782470703125 1466.767578125 2438.513427734375 1556.249755859375],0.3276301622390747,AF05JEO,0.20005489046357086
124,6.0,[865.0534756811396 1563.0950805177706 1645.181100810739 2150.596713159649],[1135.656494140625 1946.7509765625 1345.3023681640625 2036.558349609375],0.5042361617088318,GY15UGJ,0.402815829647429
124,1.0,[2042.8821526085155 1175.783334527761 2589.8206807002157 1641.347764013576],[2229.05712890625 1463.087158203125 2431.675048828125 1549.99462890625],0.3347501754760742,AF05JEQ,0.4377129836588521
125,6.0,[862.8777507564613 1570.105292217341 1645.633886824825 2153.766869505507],[1138.798828125 1959.6060791015625 1350.710205078125 2052.62890625],0.6256534457206726,GY15OGJ,0.5456133127491779
126,6.0,[857.1335518323722 1581.003786364377 1644.8516903591149 2156.9827527989632],[1125.6273193359375 1972.3603515625 1339.426025390625 2070.006103515625],0.6520659327507019,GY15OGJ,0.2624008413688623
126,1.0,[2048.2081608675194 1186.3125994356246 2594.831601991508 1652.2105888737428],[2222.48974609375 1467.27294921875 2447.348876953125 1559.208740234375],0.32619765400886536,AP05JEO,0.33028481715421976
127,6.0,[851.6799025864044 1588.0274759190975 1642.7032201816837 2157.120619717499],[1122.700927734375 1979.662841796875 1340.1895751953125 2071.945556640625],0.6181768774986267,GY15OGJ,0.657452331368981
127,1.0,[2048.9741046447643 1188.323262563835 2596.6412514742824 1655.1486816261079],[2223.679931640625 1470.5833740234375 2446.933837890625 1557.8514404296875],0.5025558471679688,AP05JEO,0.41729847923207125
128,6.0,[846.3028193118439 1595.8054492248536 1641.553034903448 2157.2294132185807],[1107.686279296875 1982.210693359375 1334.524658203125 2079.62744140625],0.6023555994033813,GX15OGJ,0.3590061609823658
129,6.0,[839.8143346590109 1601.5294467690837 1639.126349405105 2155.4470874809267],[1113.37109375 1996.6673583984375 1339.956787109375 2089.74267578125],0.6070365905761719,GX15OGJ,0.4535401976349668
130,6.0,[834.3938440363776 1609.2395830680127 1638.7897967937838 2155.5729777643683],[1118.23876953125 2012.2119140625 1321.79248046875 2098.73291015625],0.6543006300926208,GY15OGJ,0.5356801371060721
130,34.0,[2244.135481405342 1623.0813467396104 2978.9247438656193 2152.3785152994865],[2513.132568359375 1986.6822509765625 2728.451171875 2086.21826171875],0.5022549629211426,LM13VCV,0.5251203827704594
131,6.0,[830.1701140700206 1614.6046488384873 1635.5483731282034 2154.9842701752623],[1103.7359619140625 2019.9873046875 1333.895263671875 2114.493896484375],0.6640061140060425,GX15OGJ,0.4816510751777502
131,34.0,[2244.2613252341694 1629.8108736245097 2983.376637964852 2151.6933328167406],[2505.3271484375 1998.4310302734375 2729.99072265625 2094.27001953125],0.4094209671020508,LM13VCV,0.47178628991807575
132,6.0,[831.9824706672068 1624.075277656435 1635.8660306475142 2156.914177533851],[1095.4808349609375 2025.760986328125 1335.366455078125 2126.35693359375],0.6790456771850586,GX15OGJ,0.46378955157734425
132,1.0,[2045.4926230505725 1206.1426827238208 2600.6970010891055 1680.9326459626584],[2226.867431640625 1491.968994140625 2449.0087890625 1582.5157470703125],0.4473869800567627,AP05JEO,0.2090777708142935
133,6.0,[831.9693800026449 1630.140147416138 1632.8780392081421 2157.6089145475103],[1085.7545166015625 2029.7332763671875 1324.814453125 2122.2353515625],0.6598047018051147,GX15OGJ,0.4250314606695536
133,34.0,[2244.0413063151136 1643.6138252364326 2985.3826611761706 2152.2549180412852],[2515.2958984375 2009.2672119140625 2742.932861328125 2114.5859375],0.6526903510093689,LM13VCV,0.47426813049660926
133,1.0,[2045.157192379603 1209.0980247319096 2603.55624881463 1683.7138839912889],[2231.43359375 1499.7454833984375 2422.33935546875 1583.955322265625],0.3593307435512543,AP05JEO,0.4063467230846042
134,6.0,[824.5531534197505 1637.1918569226486 1626.3330298699732 2159.2224871649196],[1093.942138671875 2050.513671875 1322.9344482421875 2148.8564453125],0.6561999320983887,GX15OGJ,0.21716838586149004
134,34.0,[2242.3568171414586 1651.7083466211832 2986.261919785937 2156.002914004397],[2510.44580078125 2017.584228515625 2737.931640625 2124.93408203125],0.6312742233276367,LM13VCV,0.6365283341415342
135,6.0,[815.0230443504713 1647.1568651166515 1619.9036995033782 2162.9152895940183],[1082.21435546875 2056.57421875 1328.364501953125 2157.3115234375],0.6707848310470581,GR15OGJ,0.11982141316129745
135,34.0,[2243.2022933390617 1660.4719479444047 2989.089851268458 2159.404082099553],[2515.89208984375 2034.4398193359375 2744.52783203125 2135.67578125],0.6477673649787903,LM13VCV,0.3428577559663614
135,1.0,[2042.6461239293149 1215.161651814732 2606.454604451951 1691.0168423746827],[2265.20703125 1509.6947021484375 2466.044921875 1598.18408203125],0.44483256340026855,AP05JEO,0.16942936904610126
136,34.0,[2245.3221518198725 1667.9504964479913 2990.5725318808654 2162.2729688990185],[2510.31640625 2033.392822265625 2754.171142578125 2145.51416015625],0.686893105506897,LM13VCV,0.34632696465976665
136,6.0,[810.9890861446506 1653.1263995550828 1617.4779184821068 2163.0060881828936],[1086.5926513671875 2068.05712890625 1321.3851318359375 2160.0],0.6579998135566711,GX15OGJ,0.3343372412317173
136,1.0,[2042.4177854715717 1218.4111705533214 2609.840462124619 1694.9925931687762],[2238.4482421875 1506.873046875 2446.66748046875 1599.49658203125],0.486590713262558,AP05JEO,0.29682147761608957
136,8.0,[1101.743088330906 1124.604935967914 1609.4024286163688 1558.7428325881763],[1271.21630859375 1367.733642578125 1427.4305419921875 1457.748291015625],0.2687447667121887,KH05ZTK,0.22306488242924996
137,1.0,[2042.1414145438307 1222.859007397719 2613.34819876961 1700.8097178286773],[2249.017578125 1517.0277099609375 2465.5068359375 1615.1341552734375],0.6344544291496277,AP05JEO,0.4239289710875656
137,34.0,[2248.6906242849795 1674.8519057543274 2995.334190290048 2161.574182362765],[2522.918701171875 2052.254150390625 2751.818115234375 2155.06396484375],0.6139397621154785,LH13VCV,0.42409605435247116
137,6.0,[804.8395177126151 1661.0462530430168 1615.4919197090637 2164.841128029851],[1070.52685546875 2075.59033203125 1299.190185546875 2160.0],0.48306137323379517,GX15OGJ,0.12756284488469966
137,8.0,[1099.2704942566183 1125.5041052443494 1608.354977903462 1561.5840553831958],[1252.360595703125 1374.6328125 1429.7294921875 1461.0611572265625],0.3149866759777069,YN05ZTK,0.08870157593249837
138,34.0,[2250.865029221669 1682.614160517686 2996.9637528353005 2161.129227907999],[2525.11328125 2059.72412109375 2753.32666015625 2160.0],0.6423067450523376,LM13VCV,0.32054465681525307
138,1.0,[2045.3753088881947 1228.3098175830285 2617.284761995643 1706.94112668826],[2236.753173828125 1527.47021484375 2464.712646484375 1607.829345703125],0.5860787034034729,AP05JEO,0.3613576797505282
139,1.0,[2048.6660337695225 1231.3830271518457 2620.361427454641 1710.2110327874436],[2240.569091796875 1526.0555419921875 2446.42919921875 1604.7235107421875],0.5471786260604858,AP05JEO,0.1135943504281544
139,34.0,[2253.763672256126 1690.0530102870455 2998.597162464381 2162.9493179711676],[2514.61474609375 2060.36962890625 2750.9140625 2160.0],0.5063410997390747,LM13VCV,0.39920746353766084
140,1.0,[2051.001099691437 1233.250916663967 2624.5282816297504 1716.037907932308],[2270.17919921875 1536.0618896484375 2460.60302734375 1609.4447021484375],0.3343058228492737,AP05JEQ,0.15392570785149723
140,8.0,[1089.6873064314611 1129.2216835571794 1602.03462938515 1572.421675528567],[1254.888671875 1389.9444580078125 1420.284912109375 1470.1995849609375],0.2815282642841339,KH05ZZK,0.5921728453532698
141,1.0,[2050.5131605043653 1237.748160693675 2626.092444097917 1724.1578711020975],[2257.076171875 1535.60595703125 2458.99169921875 1621.219482421875],0.26465076208114624,AP05JEO,0.17623658117792065
142,1.0,[2050.692936499946 1239.8876426195052 2628.533610694426 1729.6234175797977],[2261.92431640625 1539.977294921875 2468.4013671875 1624.303466796875],0.3388287425041199,AP05JEO,0.1395027935209653
143,1.0,[2045.549846117666 1242.9244856979665 2627.9741103947395 1736.2954883436394],[2240.93994140625 1537.928466796875 2454.860595703125 1624.91455078125],0.5332431793212891,AP05JEO,0.24258246811650785
144,1.0,[2046.7961275770408 1247.7915982938546 2633.019124344211 1744.554648996526],[2245.658203125 1549.521728515625 2440.534423828125 1633.90966796875],0.47730550169944763,AP05JEO,0.241349288454587
145,1.0,[2047.9525216418128 1251.9972895204533 2636.1939446574283 1750.242670792184],[2268.879150390625 1555.7889404296875 2470.945556640625 1644.1702880859375],0.4072180986404419,AP05JEO,0.2141187116310411
146,8.0,[1072.003143346089 1153.6124198759362 1586.8797398212896 1599.94769160531],[1235.51904296875 1414.203125 1399.99755859375 1506.62451171875],0.5459839105606079,KI05ZZK,0.11498054358290066
146,1.0,[2048.3057626219047 1256.8083400222486 2638.431537003136 1757.3871369885628],[2239.4140625 1560.8360595703125 2426.04541015625 1643.9014892578125],0.33266153931617737,AP05JED,0.3247212512204912
147,8.0,[1068.28986199909 1157.4784862868826 1584.4741587284177 1606.789543421123],[1232.961181640625 1415.544921875 1402.956298828125 1511.85009765625],0.5370970964431763,RK05ZZK,0.27932260239709705
147,1.0,[2048.5806421707234 1260.7089621483528 2640.213875297832 1764.1144630737404],[2256.1787109375 1573.505615234375 2470.367431640625 1656.52978515625],0.5099784135818481,AP05JEO,0.18938024776534554
148,8.0,[1063.1012360251011 1160.2443584512191 1582.8295031930675 1611.000339945763],[1230.4111328125 1415.717041015625 1399.90576171875 1510.243896484375],0.5058448314666748,KH05ZZK,0.49797998968977253
148,1.0,[2045.9485256409541 1264.0765273566576 2640.7766641384846 1769.300899587814],[2246.5439453125 1573.7720947265625 2458.81298828125 1652.9468994140625],0.48784852027893066,AP05JEO,0.21994847356740968
150,8.0,[1060.6391363133362 1166.9335681315908 1582.7660013263157 1621.1141578465651],[1226.716064453125 1425.31884765625 1391.6767578125 1512.1337890625],0.48065289855003357,KH15ZZK,0.2847463881391062
152,1.0,[2050.532801028225 1280.3008766502294 2658.104328660422 1794.1546012710028],[2250.86572265625 1588.0821533203125 2462.9443359375 1671.7701416015625],0.5338009595870972,AP05JEO,0.5841603133155
153,8.0,[1050.826669618562 1176.259100827449 1579.3449345437975 1631.6780735846492],[1216.8472900390625 1441.6080322265625 1392.0042724609375 1528.081787109375],0.46386945247650146,KH15ZZK,0.40749987346065597
153,1.0,[2045.342459374437 1284.7870737220296 2657.1099189591655 1800.5751870145164],[2253.0107421875 1590.674560546875 2475.64501953125 1688.899658203125],0.3990708887577057,AP05JEO,0.3914093690276573
154,1.0,[2045.09256144859 1286.2745595451247 2662.7303971367205 1803.7315691490535],[2266.928466796875 1600.687744140625 2492.677734375 1699.78076171875],0.40660423040390015,AP05JEO,0.27507999445048115
155,1.0,[2047.35609155336 1290.668692466568 2670.8449524960915 1809.327407023599],[2265.9501953125 1608.6295166015625 2479.2431640625 1695.9898681640625],0.43879222869873047,AP05JEO,0.5662566720721175
156,1.0,[2053.3625311588576 1300.8115735614049 2673.3146135051275 1820.0674057108874],[2276.918212890625 1613.786865234375 2496.658203125 1701.472412109375],0.4338566064834595,AP05JEO,0.43044462890244106
157,1.0,[2046.9272076639131 1302.5507092464218 2668.5603617481097 1823.089185320192],[2266.89208984375 1618.477294921875 2495.37939453125 1699.880126953125],0.4962671399116516,AP05JEO,0.4124979362267623
158,8.0,[1034.7109982543861 1186.0606742028647 1569.6524751220736 1652.8928024501517],[1217.8382568359375 1465.8380126953125 1386.60546875 1553.69091796875],0.4430127739906311,KH05ZZK,0.7146659929742943
158,1.0,[2047.1840887059516 1306.488710581215 2669.516396150939 1827.779387224044],[2284.7880859375 1632.297119140625 2501.59814453125 1706.653076171875],0.3239475190639496,AP05JEO,0.1723545618193078
159,8.0,[1035.4062289079113 1190.7249897284958 1570.3205264187347 1659.1951251432995],[1207.24169921875 1471.9105224609375 1386.85498046875 1558.2762451171875],0.36108770966529846,KH05ZZK,0.4922244488485484
159,1.0,[2046.427458265916 1310.9878512620282 2670.830305376516 1834.1112242748543],[2284.49951171875 1639.0411376953125 2476.00146484375 1709.4415283203125],0.3234591782093048,AP05JEO,0.6267143455831602
160,8.0,[1034.4776796823944 1194.0576319306176 1570.149314333511 1664.0710177353023],[1205.275146484375 1471.001708984375 1383.67626953125 1558.9521484375],0.42448002099990845,KH05ZIK,0.13494946680061834
161,1.0,[2055.262460316563 1319.66081908941 2673.4651621007206 1844.739817326293],[2259.795654296875 1636.087646484375 2469.968017578125 1719.2314453125],0.49801206588745117,AP05JEO,0.3845077894900691
162,8.0,[1029.3808169584406 1201.0541184553365 1568.6531923696245 1672.8370024594335],[1201.9033203125 1482.2347412109375 1381.40576171875 1568.3038330078125],0.43861138820648193,KH05ZTK,0.46954515218366194
162,1.0,[2051.931001762537 1325.098431907718 2674.598333047215 1853.3047596121964],[2275.7294921875 1651.5091552734375 2456.11181640625 1732.8585205078125],0.2741275727748871,AP05JEQ,0.26071687518464426
163,8.0,[1024.9188189695424 1205.4146208713018 1568.0575955421295 1676.5927836438036],[1206.004638671875 1484.218017578125 1382.1739501953125 1575.265625],0.5027012825012207,RH05ZTK,0.847073537905554
163,1.0,[2055.1668482834953 1329.0024619584563 2678.669061923441 1859.0216198010824],[2269.33837890625 1650.484130859375 2487.99853515625 1741.46044921875],0.36252832412719727,AP05JEO,0.7011520501029158
164,1.0,[2060.724093781229 1333.015004702075 2683.016339788674 1866.0053641688048],[2278.4248046875 1660.6959228515625 2492.3974609375 1752.1904296875],0.5315109491348267,AP05JEO,0.35307743203537534
164,8.0,[1023.2178816933231 1210.0188566265335 1568.533086098879 1682.229642067434],[1205.7186279296875 1492.7490234375 1380.973876953125 1577.30419921875],0.5145413279533386,KH05ZZK,0.14592870674038477
165,1.0,[2067.8725044539783 1338.0004135019467 2686.757318174367 1874.8832331923354],[2275.887939453125 1667.85888671875 2517.158447265625 1751.541259765625],0.5416929721832275,AP05JEO,0.24659127674294623
165,8.0,[1019.7808463113379 1218.842205065121 1567.7944973384233 1691.4709369159164],[1210.7581787109375 1501.2744140625 1379.2979736328125 1582.297119140625],0.49481192231178284,KH05ZZK,0.4236562206512898
166,1.0,[2066.1314354046167 1343.2371972443389 2684.278630305795 1881.6473591242898],[2283.1162109375 1678.8665771484375 2468.64306640625 1753.3304443359375],0.3431822955608368,AP05JED,0.2943804028399984
170,1.0,[2079.9351943862316 1360.4582704436748 2697.1640910572755 1901.268303851221],[2285.06201171875 1699.09619140625 2504.099609375 1786.371337890625],0.5127912163734436,AP05JEO,0.3202619768597734
172,1.0,[2076.4832280441683 1373.5977183926148 2698.463088573028 1915.606821503463],[2294.87890625 1706.649658203125 2533.876953125 1801.813720703125],0.5689784288406372,AP05JEO,0.25878928679924823
173,1.0,[2080.861843460639 1379.0923567178552 2703.9490222813033 1923.1140475951397],[2300.154296875 1718.08935546875 2529.587890625 1808.093505859375],0.5007414817810059,AP05JED,0.229630374486795
174,1.0,[2085.5036454728784 1385.9881315580556 2708.227215408451 1930.746843808226],[2296.24462890625 1729.083251953125 2536.393798828125 1810.6204833984375],0.45228004455566406,AP05JED,0.22659144085568958
176,8.0,[999.9651479032339 1273.3145096487626 1559.6771789457987 1745.9061680518555],[1185.19140625 1549.4483642578125 1368.638427734375 1636.7259521484375],0.5774213671684265,KN05ZZK,0.31589612880744933
177,8.0,[997.5354753800302 1276.943210923037 1557.2298903842188 1750.094188913214],[1180.39013671875 1559.782470703125 1363.2066650390625 1650.50537109375],0.5490475296974182,KH05ZZK,0.313854682580704
177,1.0,[2085.0778920874964 1406.6813159668068 2714.9981866602093 1954.0365889408472],[2292.13232421875 1742.42919921875 2517.30810546875 1839.4169921875],0.5202097296714783,AP05JEO,0.48061747145563294
178,8.0,[997.230985136197 1279.3366217301516 1556.4657776018503 1754.06231232832],[1178.864501953125 1559.5374755859375 1364.5234375 1651.5208740234375],0.5822936296463013,KH05ZIK,0.517939682744695
179,1.0,[2089.557844043151 1416.1424468226774 2728.353765344016 1967.7808407063212],[2290.283935546875 1754.1339111328125 2553.85400390625 1847.6019287109375],0.3960895836353302,AP05JEO,0.15929303268423772
180,8.0,[987.5295182622783 1285.0145836425925 1548.352774593837 1767.8118738202295],[1173.441650390625 1569.8408203125 1351.8021240234375 1659.984375],0.5143097639083862,RH05ZZN,0.15492536895502768
181,1.0,[2094.461354471806 1426.6691990027252 2735.714106453729 1984.3243077748002],[2320.9482421875 1775.97802734375 2549.019287109375 1863.17431640625],0.5191659331321716,AP05JEO,0.19554975964112817
182,8.0,[984.3136487853428 1295.82181271239 1546.0477364335577 1782.5517837968514],[1166.9658203125 1583.3232421875 1350.8668212890625 1674.689208984375],0.6237310171127319,RH05ZZK,0.3492346894559348
183,8.0,[980.6804076951425 1301.9490786516049 1541.9503040602312 1789.721356612536],[1165.4857177734375 1595.1309814453125 1349.2379150390625 1682.0716552734375],0.6279624104499817,KH05ZZK,0.8582414368416301
183,1.0,[2090.0601227520915 1433.9846507499626 2748.332112571525 1995.9962986961739],[2298.549560546875 1783.40185546875 2527.504638671875 1868.53271484375],0.515136182308197,AP05JEO,0.28681019110364
184,8.0,[977.5002801062258 1305.4506744235316 1538.1116666868813 1795.150645498439],[1173.2667236328125 1595.3682861328125 1352.1300048828125 1685.9234619140625],0.6242635846138,RH05ZZK,0.29198461647532153
184,1.0,[2089.3516640412226 1438.994640796915 2753.05438533099 2001.5211672673995],[2309.15478515625 1777.4091796875 2546.523193359375 1876.45458984375],0.6100376844406128,AP05JEO,0.2340793784832415
185,1.0,[2091.9559462693755 1445.8044814412192 2758.9152250989387 2009.7820137977114],[2322.468017578125 1799.9937744140625 2551.98046875 1892.8516845703125],0.6086165308952332,AP05JEO,0.25144570875785127
186,1.0,[2092.3660506221086 1452.825277081013 2763.088038675277 2019.6676675465294],[2308.82373046875 1803.33837890625 2559.9931640625 1896.308349609375],0.5768609046936035,AP05JEO,0.3249199750785928
189,8.0,[959.1585214379705 1328.5862826848038 1533.3377231893392 1830.2380098764984],[1152.390869140625 1630.504638671875 1341.195068359375 1717.845947265625],0.6044723391532898,KH05ZZK,0.6164270143504823
189,1.0,[2091.0996360516556 1474.7994482847648 2770.30937879828 2045.6388722146435],[2323.197265625 1829.6513671875 2538.366943359375 1913.06982421875],0.5833911299705505,AP05JEO,0.499515750227494
190,8.0,[954.8613115850611 1333.8974479617746 1532.5682733805183 1836.7566585491295],[1150.75634765625 1629.797607421875 1341.38671875 1716.762451171875],0.611423671245575,KH05ZZK,0.6029609804405007
191,1.0,[2087.214353682098 1487.6527980193612 2771.351661948324 2061.580248735414],[2322.211669921875 1836.20654296875 2552.0771484375 1933.87353515625],0.6087986826896667,AP05JEO,0.28779619464867623
192,1.0,[2087.7878541986533 1496.0389559270739 2774.56645587924 2071.4538684863],[2325.3349609375 1861.02099609375 2562.968994140625 1942.6611328125],0.5274733901023865,AP05JEO,0.8801106036842047
193,8.0,[942.7303166592344 1348.028087716911 1528.9145027889897 1854.3458979736458],[1140.32470703125 1652.16943359375 1328.3861083984375 1742.9296875],0.5843272805213928,KH05ZZK,0.7949964106965667
193,1.0,[2089.94149518161 1501.6461797752977 2775.6834871487895 2078.403863040914],[2329.93115234375 1858.3524169921875 2564.45947265625 1942.3143310546875],0.4848807752132416,AP05JEO,0.9230858345397077
194,1.0,[2089.3049828045473 1506.1425011783099 2778.4620246682684 2084.6670342148036],[2338.35595703125 1871.190673828125 2577.9482421875 1958.0009765625],0.5912677049636841,AP05JEO,0.2534811391959246
195,1.0,[2093.833265586788 1511.758612121855 2784.6108385933094 2091.8411889635613],[2341.408203125 1874.638916015625 2582.028564453125 1960.051025390625],0.646241307258606,AP05JEO,0.30886945877380945
195,8.0,[938.6631559106974 1358.0812840799645 1525.838057048793 1866.67462931293],[1131.3583984375 1666.6490478515625 1323.25 1755.1673583984375],0.5355669260025024,KK05ZTK,0.14546797599069705
196,1.0,[2094.33397291208 1516.942421477486 2784.4421210536093 2097.522049409765],[2333.275390625 1875.502685546875 2578.3291015625 1970.115478515625],0.6482186317443848,AP05JEO,0.3509798196656334
197,8.0,[934.160493690719 1370.066215683759 1525.1336690877463 1881.5297839277398],[1128.548828125 1680.6727294921875 1320.4107666015625 1769.2327880859375],0.6234312653541565,KH05ZZK,0.5912827721106408
198,8.0,[932.9769188809116 1375.2552966271028 1526.1169716156626 1889.8398115251498],[1121.6966552734375 1681.9515380859375 1317.070556640625 1773.3431396484375],0.6245967745780945,KH05ZTK,0.3701372625372852
198,1.0,[2098.0298186864275 1529.780081578471 2802.6759831154604 2115.610367459889],[2358.48046875 1907.9564208984375 2611.92626953125 1987.9361572265625],0.4772779047489166,AP05JEO,0.38813849583172266
199,8.0,[929.9658342261143 1377.720150023993 1525.3297794994598 1895.5338142756814],[1119.5897216796875 1690.767333984375 1311.1156005859375 1776.689208984375],0.6101409196853638,RI05ZZK,0.21496506546656952
199,1.0,[2099.2704601093146 1535.5068410876827 2809.0351495093637 2122.9089247353413],[2336.605224609375 1910.927490234375 2596.818603515625 1994.197998046875],0.56182461977005,AP05JEO,0.2791023961823067
200,1.0,[2101.9513708763034 1541.3444504346917 2818.1491104508577 2130.5577945521545],[2340.331787109375 1910.093994140625 2598.052001953125 1997.736328125],0.5571065545082092,AP05JEO,0.46303269202820074
201,8.0,[921.9518052773576 1392.4810420826097 1522.5241384254034 1913.9587738167975],[1107.367919921875 1702.380859375 1302.4697265625 1795.54931640625],0.6446750164031982,KR05ZZK,0.39234585620778434
201,1.0,[2101.1727340555667 1547.8308173762016 2820.592169619767 2137.6781921984166],[2344.404541015625 1923.3482666015625 2571.978271484375 2005.9039306640625],0.5798949003219604,AP05JEO,0.33671138495507696
202,8.0,[917.1545734187135 1397.4774947379292 1519.9630948306117 1919.4435694134754],[1107.3526611328125 1704.11279296875 1301.5616455078125 1799.715087890625],0.6500512957572937,KN05ZZK,0.7647376895128261
202,1.0,[2102.649657195928 1552.3738746770491 2825.266004053955 2142.171366948068],[2379.48583984375 1933.175048828125 2621.265625 2017.04931640625],0.27651506662368774,AP05JEQ,0.17023631214824395
203,8.0,[914.288409373578 1403.1232924776466 1518.7631391265904 1926.1107158606626],[1110.825439453125 1715.193603515625 1297.2835693359375 1802.080810546875],0.6056034564971924,KH05ZZK,0.6331559151543029
203,1.0,[2102.7275444615902 1559.9148200713037 2830.7435896641414 2147.4668844504454],[2358.00390625 1932.655517578125 2606.95947265625 2033.945068359375],0.5825284123420715,AP05JEO,0.36174358434606874
204,8.0,[908.0531374435748 1409.4536692719148 1516.983275052037 1934.1226995940415],[1105.2947998046875 1723.37255859375 1296.187255859375 1813.7724609375],0.6005215048789978,KH05ZZK,0.5849705066050639
205,8.0,[898.4171167405982 1413.242097586897 1514.9511228088857 1939.5245409917477],[1099.8902587890625 1729.8896484375 1293.9691162109375 1816.51025390625],0.6382178664207458,KH05ZZK,0.6872545419851178
206,1.0,[2103.666705503059 1578.310124968154 2843.7117897687235 2156.5881208733426],[2370.46337890625 1968.6544189453125 2627.9423828125 2058.99658203125],0.6026619076728821,AP05JEO,0.31475457161612463
207,8.0,[883.2994433591341 1423.683089460995 1512.558919240572 1951.878901042907],[1091.7410888671875 1743.3050537109375 1288.7677001953125 1834.0052490234375],0.6274905204772949,KH05ZZK,0.39465740618902617
208,8.0,[874.1440838084002 1425.2885717598501 1509.028399350903 1957.0487038642304],[1083.6324462890625 1745.558837890625 1282.70654296875 1840.090087890625],0.658393919467926,KH05ZZK,0.23193497108301994
208,1.0,[2101.4308266396265 1591.595327650055 2852.4932943742724 2158.159810399799],[2387.697265625 1984.99365234375 2637.29638671875 2076.603515625],0.3220595717430115,AP05JEQ,0.4821716472402308
209,1.0,[2110.1740649578583 1595.840112795892 2860.3059766412566 2156.119561567706],[2366.755859375 1988.392822265625 2638.51123046875 2091.26513671875],0.5399001836776733,AP05JEQ,0.35354326948119486
209,8.0,[876.2799342100693 1430.5580668607313 1510.1940583964379 1965.1155105471703],[1081.6683349609375 1749.68896484375 1283.021240234375 1845.801513671875],0.6063559651374817,KH05ZZK,0.6447231793353465
210,1.0,[2109.482142199028 1601.4093084010567 2862.2100215561904 2154.3717777674524],[2369.6142578125 2007.5928955078125 2636.28759765625 2100.57177734375],0.6274533271789551,AP05JEO,0.39032302423728493
211,1.0,[2110.598052367712 1607.8402895782988 2865.179369883926 2151.502367351733],[2387.4580078125 2005.796142578125 2650.822998046875 2100.244140625],0.6286717057228088,AP05JEO,0.4718082553657441
211,8.0,[875.5481653928525 1444.2156975154207 1508.1073342077223 1986.9253051028386],[1071.2646484375 1770.8455810546875 1280.421630859375 1860.8016357421875],0.5968676209449768,KH05ZZK,0.10902708953347715
212,1.0,[2109.0122079806806 1612.915466793344 2862.922447901761 2154.0489591978994],[2379.0625 2016.6588134765625 2649.085205078125 2103.48095703125],0.5389642715454102,AP05JEO,0.16759717564425816
213,8.0,[863.6837287619985 1454.3801145224948 1502.8379639802395 2001.840246525096],[1068.3980712890625 1786.5369873046875 1270.7457275390625 1877.4385986328125],0.6696300506591797,KH05ZZK,0.623383744018766
213,1.0,[2113.4946157318027 1621.3352209233226 2869.155304865061 2156.3471299814723],[2382.071533203125 2019.2303466796875 2624.374755859375 2115.49169921875],0.6288544535636902,AP05JEO,0.46193329581338505
214,1.0,[2115.8315989385583 1627.9678439248614 2869.447024468237 2157.9325461978583],[2384.501220703125 2027.447021484375 2647.657470703125 2123.50439453125],0.6298606991767883,AP05JEO,0.3292638833366431
215,8.0,[854.5189487698303 1467.1587254063934 1500.398372189949 2017.5797406199918],[1059.608154296875 1800.4837646484375 1260.588623046875 1895.9835205078125],0.6505743861198425,KH05ZZK,0.2725916304422461
215,1.0,[2112.3164257211197 1635.0715522520702 2865.88608061321 2159.586254883969],[2387.2041015625 2034.5247802734375 2647.95361328125 2133.19873046875],0.537016749382019,AP05JEO,0.363524195686837
216,8.0,[848.3197794638468 1473.0124382770393 1496.1432579794073 2026.0660948207112],[1051.4019775390625 1806.9034423828125 1251.80810546875 1903.4556884765625],0.6264957785606384,KH05ZZK,0.23008802574137935
216,1.0,[2112.5963155001405 1643.0932605688524 2866.0789870008007 2159.6718498759856],[2378.7998046875 2052.769775390625 2671.00830078125 2140.92822265625],0.6140646934509277,AP05JEO,0.23851347932662692
217,1.0,[2112.5296912506965 1649.6756577118856 2865.990906142406 2158.9256402240244],[2377.32080078125 2054.2822265625 2669.0224609375 2152.59521484375],0.6740957498550415,AP05JEO,0.15684175682017498
217,8.0,[843.0018286631216 1478.4966296826306 1492.0737880301526 2034.305492192726],[1052.4847412109375 1809.009521484375 1255.0660400390625 1899.462158203125],0.6060124039649963,KH05ZZK,0.3885321569985258
218,8.0,[834.2292786803623 1487.979856128117 1487.0193680679572 2044.4251659684421],[1051.840087890625 1823.56396484375 1249.926025390625 1914.352783203125],0.6375084519386292,KH05ZZK,0.29494162153533854
218,1.0,[2121.994461914135 1657.1423537625453 2873.681105027091 2158.7329921134715],[2376.03515625 2071.604248046875 2653.489013671875 2156.85107421875],0.618850588798523,AP05JEO,0.44567639620476096
222,8.0,[820.8706412784786 1517.2114794801146 1482.2423544363505 2074.801339798353],[1027.91748046875 1852.5728759765625 1240.0244140625 1947.0157470703125],0.569115936756134,KR05ZZK,0.07153739624600342
223,8.0,[818.7851805565281 1522.0602681507808 1479.626220297657 2082.5554041861933],[1028.565185546875 1858.950439453125 1235.217529296875 1950.97998046875],0.6251402497291565,KH05ZZK,0.09480455595504972
234,8.0,[759.7425326840787 1588.7395193878742 1444.6541785605493 2153.21432017218],[979.8448486328125 1947.6639404296875 1201.512939453125 2049.15869140625],0.6581394672393799,RI05ZZK,0.1673342733626779
235,8.0,[752.0722729615167 1593.9028960587593 1445.9379176313073 2153.810588380062],[980.9886474609375 1952.2825927734375 1199.567626953125 2051.927734375],0.6767755746841431,RH05ZZK,0.4147526310631757
236,8.0,[749.235917570915 1601.483870010598 1444.480978366216 2155.3453437567396],[979.3343505859375 1964.0606689453125 1198.0372314453125 2062.61962890625],0.6891844868659973,KM05ZZK,0.2684046567667713
238,8.0,[744.7262148625102 1614.1955598509048 1437.65720645547 2156.606471206785],[965.514892578125 1976.126220703125 1184.142578125 2078.1328125],0.7075203657150269,RH05ZZK,0.4129007024270867
239,8.0,[741.5733301376192 1618.6247446273937 1440.3119572861658 2155.7420442195157],[960.8792724609375 1985.0673828125 1189.7861328125 2088.572509765625],0.68036949634552,KH05ZZK,0.3249193302525227
